categoria,tag,uso_total_alltime
fluxo_entrada,welcome_entrada,275211
fluxo_saida,welcome_saida,195514
fluxo_entrada,transferencia_entrada,140149
fluxo_saida,transferencia_saida,123314
fluxo_entrada,cadastro_entrada,46529
fluxo_saida,cadastro_saida,31154
fluxo_entrada,promocoes_entrada,33619
fluxo_saida,promocoes_saida,19092
fluxo_entrada,bsat_entrada,31266
fluxo_saida,bsat_saida,21934
fluxo_entrada,informacao_deposito_entrada,30330
fluxo_saida,informacao_deposito_saida,16901
fluxo_entrada,recoperacao_conta_entrada,26029
fluxo_saida,recoperacao_conta_saida,14391
fluxo_entrada,ainda_n_recebi_aposta_entrada,22403
fluxo_saida,ainda_n_recebi_aposta_saida,19604
fluxo_entrada,informacao_saque_entrada,20467
fluxo_saida,informacao_saque_saida,17178
fluxo_entrada,duvida_mercado_cassino_entrada,15315
fluxo_saida,duvida_mercado_cassino_saida,14243
fluxo_entrada,passo_a_passo_cadastro_entrada,14991
fluxo_saida,passo_a_passo_cadastro_saida,2755
fluxo_entrada,recuperacao_conta_entrada,14853
fluxo_saida,recuperacao_conta_saida,8366
fluxo_entrada,validacao_e-mail_entrada,14343
fluxo_saida,validacao_e-mail_saida,2008
fluxo_entrada,duvida_apostas_entrada,13766
fluxo_saida,duvida_apostas_saida,11364
fluxo_entrada,validacao_identidade_entrada,12126
fluxo_saida,validacao_identidade_saida,9916
fluxo_entrada,bolsa_familia_entrada,7821
fluxo_saida,bolsa_familia_saida,1903
fluxo_entrada,encerrar_aposta_entrada,5479
fluxo_saida,encerrar_aposta_saida,4420
fluxo_entrada,codigo_promocional_entrada,5420
fluxo_saida,codigo_promocional_saida,4049
fluxo_entrada,menu_apos_fluxo_entrada,3731
fluxo_saida,menu_apos_fluxo_saida,994
fluxo_entrada,como_apostar_entrada,3563
fluxo_saida,como_apostar_saida,2496
fluxo_entrada,bonus_nao_recebido_entrada,3462
fluxo_saida,bonus_nao_recebido_saida,3462
fluxo_entrada,bonus_nao_visivel_entrada,3145
fluxo_saida,bonus_nao_visivel_saida,2274
fluxo_entrada,baixar_aplicativo_entrada,1932
fluxo_saida,baixar_aplicativo_saida,1513
fluxo_entrada,defina_limites_entrada,1816
fluxo_saida,defina_limites_saida,1272
fluxo_entrada,promocoes_disponiveis_entrada,1507
fluxo_saida,promocoes_disponiveis_saida,1158
fluxo_entrada,solicitar_bonus_retencao_entrada,1236
fluxo_saida,solicitar_bonus_retencao_saida,1126
fluxo_entrada,regras_detalhes_entrada,1150
fluxo_saida,regras_detalhes_saida,929
fluxo_entrada,informe_rendimentos_2026_entrada,674
fluxo_saida,informe_rendimentos_2026_saida,322
fluxo_entrada,jogoresponsavel_entrada,410
fluxo_saida,jogoresponsavel_saida,349
no_interno,1.0_olá,106412
no_interno,1.8_despedida_amigável_3,63264
no_interno,1.9_despedida_inativo_1,36917
no_interno,1.3_ajuda_1,32438
no_interno,1.19_aguarde_1,27227
no_interno,1.4_ajuda_2,16155
no_interno,1.17_mais_detalhes_da_demanda_1,13804
no_interno,1.28_print_do_erro,9737
no_interno,1.16_informar_ticket,9270
no_interno,1.20_aguarde_2,8698
no_interno,1.36_-_agradecer_espera,7382
no_interno,2.24-envio_link_validacao_identidade_alteracao_dados_no_chat,5945
no_interno,2.23-alteracao_dados_no_chat_disponibilidade_iniciar_verificacao_identidade,5246
no_interno,17.21-inicio_do_fluxo_de_autoexclusao_com_orientacao_para_fazer_no_site,4770
no_interno,17.22-instrucao_para_acessar_perfil_minha_conta_e_ferramenta_de_protecao,4679
no_interno,17.23-apresentacao_das_opcoes_de_exclusao_temporaria_e_indeterminada,4665
no_interno,17.24-reconhecimento_facial_obrigatorio_para_concluir_processo_de_exclusao,4651
no_interno,3.6-transacao_nao_concluida_solicitacao_comprovante,4634
no_interno,1.27_print_da_aposta,4577
no_interno,12.1-escuta_ativa_para_entender_motivacao_do_pedido_de_bloqueio_da_conta,4359
no_interno,10.3-deposito_com_atraso_de_processamento_por_instabilidade_no_sistema_bancario,4342
no_interno,10.11-cliente_reportando_comportamento_anomalo_ou_inesperado_na_plataforma,4300
no_interno,1.5_ajuda_3,3928
no_interno,1.40_ajuda_4,3571
no_interno,1.6_despedida_amigável_1,3510
no_interno,5.4-orientacao_para_acessar_historico_de_apostas_filtragem_historico_por_modalidade_status_e_periodo,3281
no_interno,1.21_aguarde_3,3201
no_interno,2.6-email_usado_para_acessar_e_diferente_do_cadastrado,2853
no_interno,1.2_mudança_de_agente,2735
no_interno,1.10_despedida_inativo_2,2670
no_interno,2.26-alteracao_dados_concluida_envio_link_redefinicao_senha,2585
no_interno,1.7_despedida_amigável_2,2573
no_interno,2.25-pos_validacao_identidade_solicitar_novos_dados_alteracao,2393
no_interno,1.15_informar_cpf,2204
no_interno,1.39_transferência_de_atendimento,2164
no_interno,4.10-saque_em_processo_bancario_com_intermediadora_trabalhando_na_resolucao,2151
no_interno,17.33-verificacao_reprovada_por_inconsistencias_no_documento_enviado,2040
no_interno,1.12_despedida_sem_resolução,1948
no_interno,2.27-alteracao_dados_chat_nao_concluida_cliente_ausente,1947
no_interno,20.4-falha_no_cadastro_por_possivel_vinculo_com_programa_social_governamental,1840
no_interno,12.0-inicio_do_fluxo_de_bloqueio_ou_exclusao_com_identificacao_da_intencao,1765
no_interno,0.1-callcenter-registro_de_atendimento,1744
no_interno,2.20-confirmacao_cadastro_e_validacao_titularidade,1643
no_interno,10.51-instrucoes_para_limpeza_de_cache_do_app_betnacional_no_dispositivo,1624
no_interno,10.51-instrucoes_para_limpeza_de_cache_do_app_andoid,1623
no_interno,1.30_-_aguarde_4,1617
no_interno,1.8.1-encerramento_de_atendimento_com_solicitacao_de_pesquisa_de_satisfacao,1552
no_interno,2.4-orientacao_acesso_pos_recuperacao_conta,1546
no_interno,1.35_-_aguarde_6,1491
no_interno,11.3-cliente_questionando_ou_desconfiando_dos_procedimentos_da_plataforma,1401
no_interno,2.1-confirmacao_email_para_recuperacao_de_acesso,1352
no_interno,5.5-bilhete_pendente_aguardando_dados_do_provedor_para_resolucao_apos_termino_da_partida,1303
no_interno,2.2-orientacao_redefinicao_senha_recuperacao_conta,1278
no_interno,2.3-orientacao_identificação_link_de_senha_no_,1271
no_interno,1.18_mais_detalhes_da_demanda_2,1257
no_interno,5.26-divergencia_no_campinho_ao_vivo_por_atraso_de_dados_do_provedor,1173
no_interno,12.39-desbloqueio_negado_por_autoexclusao_definitiva_e_permanente,1173
no_interno,20.9-notificacao_regulatoria_por_vinculo_ao_programa_novo_desenrola_brasil,1072
no_interno,2.9-conta_existente_identificada_orientaçao_para_recuperação,1058
no_interno,10.2-comunicado_de_normalizacao_de_instabilidade_previamente_reportada,1033
no_interno,10.0-instrucoes_para_acesso_via_guia_anonima_como_solucao_de_instabilidade,1018
no_interno,1.33_-_cpf_inválido,983
no_interno,10.53-instrucoes_para_limpeza_de_cookies_no_chrome_para_resolver_problemas,975
no_interno,6.3_cashout_contestação_1,951
no_interno,3.7-deposito_nao_localizado_solicitar_comprovante_completo,934
no_interno,4.5-confirmacao_de_saque_processado_com_envio_de_comprovante_de_transferencia,926
no_interno,11.10_retenção_cliente_insatisfeito_1,910
no_interno,10.38-cliente_insatisfeito_com_tempo_de_espera_na_fila_de_atendimento,882
no_interno,10.18-codigo_sms_de_verificacao_direcionado_para_spam_no_celular_do_cliente,867
no_interno,15.6-pedido_de_bonus_encaminhado_para_analise_interna,856
no_interno,3.14-deposito_aguardando_confirmacao_bancaria_24h,854
no_interno,15.12-cliente_alega_recebimento_de_bonus_porem_a_promocao_nao_foi_localizada_para_o_usuário,821
no_interno,17.51-instrucoes_para_alterar_ou_ajustar_limites_de_jogo_responsavel,818
no_interno,1.37_-_agradecer_colaboração,816
no_interno,5.58-explicacao_detalhada_sobre_ticket_de_aposta_e_motivos_do_resultado,802
no_interno,17.31-verificacao_de_conta_nao_iniciada_com_link_para_inicio_do_processo,790
no_interno,11.5-cliente_acusando_plataforma_de_manipulacao_ou_favorecimento_em_apostas,785
no_interno,5.44-contestacao_de_resultado_em_cassino_com_base_em_regras_do_provedor,784
no_interno,17.34-suspensao_temporaria_de_operacoes_por_impacto_negativo_das_apostas,781
no_interno,17.52-encaminhamento_para_atendente_especializado_em_jogo_responsavel,756
no_interno,3.21-deposito_confirmado_saldo_disponivel_atualizar_pagina,746
no_interno,4.11-falha_na_comunicacao_entre_bancos_com_saque_ainda_nao_efetivado,730
no_interno,4.24-passo_a_passo_para_cadastrar_nova_conta_bancaria_na_plataforma,719
no_interno,4.23-saque_reprovado_por_dados_bancarios_divergentes_na_plataforma,704
no_interno,1.32_-_cpf_não_cadastrado,661
no_interno,1.31_-_aguarde_5,650
no_interno,5.21-contestacao_de_resultado_com_envio_de_ticket_para_revisao_do_provedor,637
no_interno,5.15-regras_para_aposta_em_jogo_interrompido_cancelado_ou_adiado,635
no_interno,17.67-conta_desativada_por_autoexclusao_centralizada_via_plataforma_do_governo,632
no_interno,15.0-cliente_solicitou_bonus_porem_nao_tem_bonificacao_ativa,626
no_interno,10.57-instrucao_para_deslogar_e_logar_novamente_como_solucao_de_bug,620
no_interno,8.26_-_identificar_acesso,595
no_interno,11.0-primeira_abordagem_para_cliente_com_linguagem_inadequada_ou_agressiva,591
no_interno,17.53-autoexclusao_bloqueada_por_saldo_disponivel_na_conta,575
no_interno,10.24-lista_de_documentos_aceitos_para_validacao_de_identidade_cnh_rg_rne,574
no_interno,4.32-solicitacao_de_print_do_app_do_banco_para_comparacao_com_plataforma,560
no_interno,5.6-cobranca-recorrente_do_cliente_devido_pendencia_no_processamento_de_apostas,557
no_interno,5.45-confirmacao_de_aposta_perdedora_em_cassino_sem_possibilidade_de_alteracao,545
no_interno,5.34-aposta_valida_apenas_no_tempo_regulamentar_mais_acrescimos_prorrogacao_nao_considerada,521
no_interno,9.26-definicao_de_chutes_ao_gol_e_diferencas_em_relacao_ao_mercado_de_remates,514
no_interno,6.0_o_que_é_cashout,509
no_interno,15.7-cliente_bonificado_recentemente_solicitando_nova_bonificacao,498
no_interno,5.14-analise_interna_sem_identificacao_de_falha_em_aposta_contestada,479
no_interno,5.11-cliente_nao_reconhece_aposta_e_solicita_alteracao_do_bilhete_sem_erro_do_site,474
no_interno,5.56-direcionamento_para_analise_de_aposta_via_email_betnacional,467
no_interno,10.54-cliente_acessando_site_por_webview_com_instabilidades_identificadas,446
no_interno,17.30-confirmacao_de_conclusao_bem_sucedida_das_etapas_de_verificacao,430
no_interno,8.1-direcionamento_para_verificacao_de_saque_com_validação_do_compliance,428
no_interno,5.10-cliente_nao_reconhece_aposta_e_solicita_estorno_sem_erro_do_site_identificado,427
no_interno,5.43-contestacao_de_resultado_em_aposta_esportiva_com_verificacao_oficial,426
no_interno,4.30-confirmacao_de_saque_transferido_com_sucesso_para_conta_bancaria,425
no_interno,4.7-saque_desbloqueado_apos_correcao_de_divergencia_nos_dados_cadastrais,418
no_interno,10.14-instabilidade_no_sistema_pix_do_banco_central_afetando_transacoes,418
no_interno,6.4_cashout_contestação_2,417
no_interno,15.4-cliente_solicita_bonus_e_recebe_orientacao_sobre_criterios,410
no_interno,12.51_cliente_recebe_o_link_para_validar_e_ser_feito_o_desbloqueio_da_conta_no_chat,407
no_interno,11.4-encerramento_formal_de_atendimento_apos_esgotamento_das_orientacoes,406
no_interno,5.47-passo_a_passo_para_criacao_de_aposta_personalizada,404
no_interno,21.0-ramp_variacao_temporaria_de_mercados_durante_migracao_de_provedor,398
no_interno,3.24-deposito_creditado_lentidao_bancaria_orientar_atualizar_e_enviar_comprovante,389
no_interno,20.1-login_bloqueado_por_vinculo_com_beneficio_social_identificado_na_base_gov,383
no_interno,15.10-solicitação_direta_de_bônus_com_risco_de_churn,377
no_interno,15.9-solicitação_direta_de_bônus_com_risco_de_exclusão_ou_churn,372
no_interno,10.25-erro_no_botao_continuar_impedindo_avanco_no_processo_de_kyc,372
no_interno,15.11-cliente_alega_credito_promocional_nao_recebido_sem_comprovante,358
no_interno,5.18-mercado_nao_disponivel_para_aposta_por_indisponibilidade_do_provedor,343
no_interno,3.25-estorno_deposito_confirmado_orientar_prazo_e_motivos,328
no_interno,5.48-orientacao_sobre_funcionamento_e_combinacao_de_linhas_na_criacao_de_aposta,322
no_interno,11.6-cliente_cobrando_retorno_ou_questionando_prazo_de_analise_de_solicitacao,318
no_interno,1.25_despedida_e-mail,308
no_interno,10.51.1-orientacao_para_limpeza_de_cache_no_aplicativo_ios,306
no_interno,4.4-verificacao_de_status_de_saque_junto_a_intermediadora_financeira,290
no_interno,11.1-segunda_abordagem_para_cliente_ofensivo_com_reconhecimento_da_insatisfacao,286
no_interno,3.16-deposito_nao_recebido_orientar_contato_com_banco,286
no_interno,5.19-ticket_revisado_com_rollback_por_correcao_de_informacao_oficial,274
no_interno,2.11-codigo_promocional_opcional_no_cadastro,271
no_interno,16.23-ajuste_de_experiencia_com_credito_de_cortesia_apos_falha_sistemica,270
no_interno,9.4-explicacao_do_mercado_marcador_a_qualquer_momento_e_suas_regras,269
no_interno,10.15-suporte_completo_ao_kyc_betnacional_com_orientacoes_para_os_principais_erros,267
no_interno,5.5.1-atraso_na_liquidacao_de_aposta_por_dados_da_ramp,267
no_interno,10.27-envio_de_codigo_sms_pelo_atendente_para_resolucao_de_erro_de_kyc,255
no_interno,3.17-deposito_terceiros_orientar_sobre_estorno,254
no_interno,11.2-terceira_abordagem_para_cliente_ofensivo_com_reforco_dos_valores_da_equipe,245
no_interno,1.23_sms_enviado,244
no_interno,1.26_formato_de_imagem,244
no_interno,2.15-orientacao_login_usuario_por_cpf_ou_email,243
no_interno,3.15-deposito_incorreto_verificação_comprovante_e_destinatario,242
no_interno,11.8-encerramento_definitivo_do_atendimento_por_comunicacao_desrespeitosa,237
no_interno,5.43.1-contestacao_de_aposta_com_orientacao_para_documentacao_oficial,237
no_interno,5.65-como_usar_freebet_em_aposta_simples_ou_multipla,233
no_interno,15.22_campanha_cassino_valor_da_aposta_por_rodada,226
no_interno,17.99-acolhimento_bem_estar_reforco_jogo_responsavel_oferta_apoio,225
no_interno,5.20-rollback_de_aposta_de_ganhadora_para_perdedora_com_saldo_negativo,221
no_interno,11.11_retenção_cliente_insatisfeito_2,218
no_interno,20.7-validacao_de_identidade_aprovada_apos_regularizacao_de_bloqueio_social,215
no_interno,9.0-explicacao_do_mercado_resultado_final_no_tempo_regulamentar,212
no_interno,8.0-responsabilidade_do_usuario_sobre_acesso_e_movimentacoes_na_conta,210
no_interno,10.56-instrucoes_para_limpeza_de_cookies_no_safari_para_dispositivos_ios,206
no_interno,10.29-cliente_nao_recebendo_email_de_confirmacao_para_conclusao_do_kyc,206
no_interno,12.18-inicio_do_fluxo_de_desbloqueio_com_autenticacao_via_sms,205
no_interno,12.18_cliente_entra_em_contato_para_realizar_desbloqueio_no_chat,205
no_interno,12.50_verificada_a_disponibilidade_do_cliente_para_seguir_com_o_processo_de_desbloqueio_no_chat,205
no_interno,1.11_despedida_verificação,199
no_interno,5.8-atraso_ou_falha_na_atualizacao_do_bilhete_com_escalonamento_para_o_provedor,198
no_interno,10.5-instabilidade_em_jogos_de_cassino_ou_crash_afetando_usuarios,195
no_interno,9.13.1-esclarecimento_sobre_regras_do_mercado_total_de_cartoes_ramp,192
no_interno,4.33-solicitacao_de_dois_prints_plataforma_e_app_para_comparacao_bancaria,191
no_interno,17.35-encaminhamento_do_cliente_para_a_ebac_parceira_de_jogo_responsavel,189
no_interno,21.2-estorno_de_primeiro_deposito_por_verificacao_nao_concluida,187
no_interno,17.67-validacao_de_documentacao_para_reversao_da_autoexclusao_centralizada,184
no_interno,4.0-cliente_com_dificuldade_em_sacar_buscando_identificacao_do_motivo,183
no_interno,15.20_jogos_não_elegíveis_para_campanha_indique_e_ganhe,182
no_interno,4.31-solicitacao_de_print_da_conta_bancaria_cadastrada_na_plataforma,181
no_interno,8.28_-_encaminhar_site,175
no_interno,12.40-desbloqueio_negado_por_autoexclusao_temporaria_ainda_em_andamento,172
no_interno,5.12-orientacao_para_confirmacao_obrigatoria_do_cliente_para_confirmacao_de_aposta_sem_possibilidade_de_editar_ou_modificar_aposta_apos_confirmacao,172
no_interno,2.5-solicitação_usuário_verificação,165
no_interno,15.16-incentivo_nao_aparece_ate_refazer_login,163
no_interno,5.18.2-mercado_nao_disponibilizado_pela_ramp,160
no_interno,17.19-cliente_impossibilitado_de_realizar_verificacao_de_seguranca_no_momento,157
no_interno,5.43.2-contestacao_de_liquidacao_esportiva_com_base_em_inteligencia_artificial,157
no_interno,10.9-instabilidade_no_banco_do_cliente_causando_atraso_em_pagamentos_pix,157
no_interno,3.1-solicitacao_detalhes_e_print_para_analise,154
no_interno,4.2-passo_a_passo_completo_para_realizar_saque_na_plataforma,153
no_interno,17.43-envio_do_link_ebac_para_inicio_de_acompanhamento_no_desbloqueio,152
no_interno,8.29-conta_bloqueada_por_vinculo_com_beneficio_social_governamental,152
no_interno,17.47-primeira_resposta_para_contestacao_da_autenticacao_de_identidade,151
no_interno,18.3-feedback_sobre_mudanca_de_layout_e_interface_da_plataforma,151
no_interno,10.54.1-orientacao_para_sair_do_webview_do_aplicativo,150
no_interno,4.26-dicas_para_preenchimento_correto_de_agencia_e_conta_bancaria,148
no_interno,18.5-validacao_de_feedback_do_cliente_sobre_mudanca_de_layout,146
no_interno,4.13-bloqueio_externo_de_saque_por_analise_de_seguranca_bancaria_pixmed,143
no_interno,6.5_cashout_contestação_3,142
no_interno,5.43.1-contestacao_de_resultado_de_aposta_esportiva_apurada_pela_ramp,142
no_interno,5.38-recalculo_de_retorno_em_bilhete_multiplo_com_selecao_anulada_em_ticket_multiplo,139
no_interno,15.14-f2p_roleta_não_disponível_para_o_usuário,138
no_interno,17.57-cliente_bloqueado_que_nao_contatou_ebac_com_reforco_da_importancia,134
no_interno,5.46-orientacao_para_utilizar_o_modo_demo_no_cassino_antes_de_usar_saldo_real,134
no_interno,6.1_cashout_não_reconhecido_1,129
no_interno,5.74_explicando_ao_cliente_que_o_jogo_foi_interrompido_ou_adiado_e_nao_ocorreu_dentro_do_prazo_a_aposta_foi_anulada,128
no_interno,8.15-duvida_sobre_beneficios_de_cashback_e_recompensas_disponiveis_na_plataforma,128
no_interno,1.22_como_deslogar,126
no_interno,15.23.1-esclarecimento_de_nao_elegibilidade_para_cashback_por_resultado_positivo,125
no_interno,12.19-confirmacao_de_desbloqueio_bem_sucedido_com_orientacao_de_kyc,123
no_interno,12.19_desbloqueio_no_chat_efetivado_apos_a_validacao_facial,123
no_interno,17.20-cliente_contestando_necessidade_de_verificacao_de_seguranca,122
no_interno,17.68-solicitacao_de_comprovante_oficial_de_autoexclusao_centralizada,122
no_interno,5.40-anulacao_de_aposta_por_mercado_aberto_com_probabilidade_incorreta,117
no_interno,6.10_cashout_não_creditado,116
no_interno,5.16-atualizacao_de_bilhete_dependente_de_confirmacao_oficial_do_evento_pos_interrupcao,116
no_interno,15.15-freetoplayroleta-indisponível,113
no_interno,10.36-encerramento_do_atendimento_de_kyc_com_despedida_da_equipe_betnacional,113
no_interno,17.56-cliente_que_contactou_ebac_orientado_a_aguardar_retorno_por_email,112
no_interno,17.16-email_invalido_informado_pelo_cliente_com_solicitacao_de_novo_endereco,112
no_interno,1.1_atendimento_reaberto,110
no_interno,7.5-contestacao_e_explicacao_de_processo_de_verificacao_de_jogos_aviator_e_mines,110
no_interno,17.55-sondagem_inicial_sobre_contato_com_ebac_em_atendimento_anterior,108
no_interno,10.17-instrucoes_para_habilitar_camera_durante_processo_de_kyc_betnacional,106
no_interno,21.1-ramp_contestacao_sobre_mudanca_visual_e_layout_da_plataforma,106
no_interno,5.63-aposta_de_cassino_super_pendente_por_falha_ou_instabilidade,104
no_interno,5.13-mensagem-de_prevencao_aos_erros_do_usuario_ao_confirmar_apostas,103
no_interno,8.6-direcionamento_para_canais_de_comunicacao_e_divulgacao_de_promocoes_e_novidades_da_betnacional,101
no_interno,17.32-verificacao_de_conta_iniciada_mas_nao_concluida_pelo_cliente,101
no_interno,2.14-telefone_cadastrado_divergente_solicitar_atualizacao,99
no_interno,10.28-dados_de_kyc_encaminhados_para_setor_responsavel_apos_confirmacao_de_sms,99
no_interno,2.32_cliente_questiona_autenticacao_de_seguranca_por_inatividade_superior_a_7_dias_por_email,98
no_interno,12.52_cliente_inativo_apos_entrar_em_contato_para_desbloqueio_da_conta_no_chat_e_o_processo_foi_interrompido,98
no_interno,18.6-encaminhamento_de_feedback_do_cliente_sobre_mudanca_de_layout_ao_time_responsavel,93
no_interno,17.25-exclusao_bloqueada_por_dados_cadastrais_nao_confirmados,92
no_interno,15.18_bacboo_indique_e_ganhe,90
no_interno,15.18_bonificacao_nao_creditada_por_jogo_nao_elegivel_no_indique_e_ganhe,89
no_interno,17.73-pausa_de_24h_ativada_pelo_cliente_com_impossibilidade_de_reversao,89
no_interno,17.81-explicação_sobre_definicao_de_limites_para_jogo_responsavel,84
no_interno,2.0-solicitação_usuário_verificação,83
no_interno,9.13.2-alteracao_na_regra_de_contagem_do_cartao_vermelho_pelo_provedor_ramp,83
no_interno,17.2-explicacao_do_funcionamento_do_limite_de_perda_por_periodo,81
no_interno,10.22-orientacoes_completas_para_selfie_e_foto_de_documento_aprovados_no_kyc,79
no_interno,4.9-prazo_de_5_a_10_minutos_para_processamento_de_saque_em_condicoes_normais,78
no_interno,6.2_cashout_não_reconhecido_2,77
no_interno,1.34_-_não_compartilhe_sua_senha,76
no_interno,6.9_cashout_erro_2,75
no_interno,8.10-confirmacao_de_titularidade_para_validacao_via_sms_para_consulta_de_carteira,75
no_interno,4.6-saque_pendente_de_verificacao_pela_intermediadora_sem_prazo_definido,75
no_interno,5.54-esclarecimento_sobre_funcionamento_do_modo_demonstracao_nos_jogos_de_cassino,75
no_interno,15.8-cliente_solicita_bônus_comparando_negativamente_a_betnacional_com_concorrentes,74
no_interno,5.2-explicacao_de_odds_em_aposta_multipla_e_multiplicacao_de_cotacoes,73
no_interno,0.62-orientacao_para_limpeza_de_dados_do_aplicativo_betnacional,73
no_interno,7.8-orientacao_para_localizar_historico_de_apostas_do_aviator_para_analise,72
no_interno,16.21-explicacao_funcionamento_programa_bnp_e_acumulo_de_pontos,72
no_interno,2.10-dificuldade_recuperacao_senha_identificacao_problema,71
no_interno,8.19-cliente_com_duvida_ou_dificuldade_para_atualizar_o_app_betnacional,71
no_interno,20.3-cliente_contestando_bloqueio_por_vinculo_com_beneficio_social,71
no_interno,17.15-identidade_nao_validada_no_sistema_com_necessidade_de_nova_verificacao,71
no_interno,10.62-orientacao_para_limpeza_de_dados_do_aplicativo_betnacional,71
no_interno,1.38_-_agradecer_cooperação,70
no_interno,12.46-suspeita_de_fraude_identificada_durante_analise_de_seguranca_no_kyc,70
no_interno,5.42-explicacao_sobre_alteração_de_odds_durante_confirmacao_da_aposta,68
no_interno,17.80-cliente_impedido_de_apostar_por_definicao_obrigatoria_de_limites_exibida_ao_tentar_apostar_na_plataforma,68
no_interno,2.28-email_inserido_indisponivel_para_novo_cadastro,66
no_interno,5.0-orientacao_passo_a_passo_para_realizar_aposta_simples,66
no_interno,5.53-resposta_para_contestacao_de_saldo_sem_identificacao_de_erro,66
no_interno,8.31-cadastro_restrito_por_impedimento_legal_como_vincúlos_políticos_esportivo,64
no_interno,18.4-investigacao_de_feedback_do_cliente_sobre_mudanca_de_layout,64
no_interno,4.1-solicitacao_de_detalhes_e_print_para_diagnostico_de_dificuldade_em_saque,64
no_interno,5.21.1-analise_de_divergencia_em_revisao_de_ticket_pelo_provedor_ramp,64
no_interno,10.23-documento_reprovado_no_kyc_por_informacoes_pouco_visiveis_ou_danificado,63
no_interno,9.13.3-regras_de_liquidacao_do_mercado_de_defesas_do_goleiro,63
no_interno,17.89-validacao_de_recebimento_do_convite_do_compulsafe_enviado_pela_ebac,62
no_interno,5.27-partida_nao_disponivel_para_aposta_por_indisponibilidade_do_provedor,61
no_interno,16.26-cashback_aguardando_apuracao_da_campanha,60
no_interno,5.29-limite_do_mercado_ultrapassa_retorno_permitido_devido_moderacao_automatica_de_limites,59
no_interno,3.0-dificuldade_deposito_mapeamento_da_falha,59
no_interno,9.19-explicacao_do_mercado_baliza_inviolada_e_opcoes_sim_e_nao,58
no_interno,2.18-analise_envio_de_dados_para_alteracao_conclusao_48h,57
no_interno,15.5-cliente_solicita_bonus_de_aniversario_sem_campanha_ativa_no_momento,56
no_interno,3.2-orientacao_deposito_pix_passo_a_passo,56
no_interno,17.54-explicacao_sobre_o_papel_da_ebac_como_parceira_de_jogo_responsavel,56
no_interno,17.98-sondagem_cliente_offline_jogo_responsavel_analise_comportamento,55
no_interno,1.24_elogio,54
no_interno,8.8-passo_a_passo_para_instalar_aplicativo_via_play_store,53
no_interno,17.48-segunda_abordagem_para_cliente_que_contesta_processo_de_autenticacao,53
no_interno,5.7-como_identificar_aposta_vencedora_ou_perdedora_no_historico,52
no_interno,12.45-inconsistencia_de_titularidade_identificada_com_solicitacao_de_nova_validacao,52
no_interno,13.2-duvidas_sobre_sistema_de_afiliados_nao_atendidas_pelo_chat,52
no_interno,6.8_cashout_erro_1,52
no_interno,15.2-bonus_por_verificacao_de_identidade_indisponivel_por_nao_elegibilidade_do_cliente,51
no_interno,17.42-desbloqueio_condicionado_a_avaliacao_da_ebac_para_casos_de_ludopatia,51
no_interno,3.8-orientacao_finalizacao_deposito_pix_no_banco,50
no_interno,8.33-explicacao_das_secoes_maiores_ganhadores_e_jogos_que_mais_pagam_no_cassino,50
no_interno,2.19-link_redefinicao_expirado_orientado_aguardar_nova_solicitacao,50
no_interno,5.39-garantia_de_integridade_contra_manipulacao_de_resultados_esportivos,50
no_interno,12.6-solicitacao_de_bloqueio_feita_por_terceiro_ou_familiar_do_titular,49
no_interno,4.16-ausencia_de_limite_de_valor_ou_quantidade_para_saques_na_plataforma,49
no_interno,4.12-comprovante_de_devolucao_recebido_e_encaminhado_para_intermediadora,49
no_interno,6.11_cashout_valor_divergente_1,48
no_interno,17.49-impossibilidade_de_pular_etapa_de_autenticacao_de_identidade,48
no_interno,16.22_explicando_ao_cliente_como_acessar_as_informacoes_do_bnp,48
no_interno,9.25-definicao_e_criterios_tecnicos_para_contabilizacao_de_remates_na_aposta,48
no_interno,17.66-cliente_em_crise_emocional_com_fornecimento_de_contato_do_cvv,47
no_interno,10.39-kyc_reprovado_por_uso_de_documento_antigo_ou_vencido,47
no_interno,1.13_despedida_mercado,46
no_interno,10.46-instrucoes_para_habilitar_camera_fechando_abas_e_apps_abertos,46
no_interno,18.1_frase_validação_autoexclusão,45
no_interno,2.13-orientacao_acesso_conta_passo_a_passo,45
no_interno,8.16-cliente_impossibilitado_de_apostar_por_estar_localizado_fora_do_brasil,45
no_interno,8.43-orientacao_sobre_acesso_seguro_ao_dominio_oficial_betnacional_bet_br,45
no_interno,5.3-explicacao_de_bilhete_multiplo_e_funcionamento_de_multiplicacao_das_odds,44
no_interno,9.1-como_funciona_o_mercado_combinacoes_do_placar_correto,44
no_interno,17.82-explicação_limite_de_perda_atingido_no_cassino,43
no_interno,14.3-solicitacao_de_kyc_para_desbloqueio_de_ex_menor_que_atingiu_maioridade,43
no_interno,8.14-informacoes_institucionais_sobre_a_nsx_brasil_e_as_marcas_operadas,43
no_interno,20.11-login_bloqueado_por_programa_governamental_de_renegociacao,43
no_interno,5.1-orientacao_aposta_multipla_limite_de_15_selecoes,42
no_interno,17.83-explicacao_da_opcao_sem_limite_definido_nas_ferramentas_de_protecao,42
no_interno,3.19-botao_copiar_codigo_pix_nao_funciona_orientacao_manual,41
no_interno,5.60-orientacao_sobre_aposta_de_longo_prazo_com_pagamento_apos_conclusao_do_evento,41
no_interno,17.5-explicacao_do_funcionamento_do_limite_de_tempo_de_sessao,41
no_interno,4.27-instrucoes_para_visualizar_contas_bancarias_cadastradas_na_plataforma,41
no_interno,17.13-encerramento_do_fluxo_de_protecao_com_reforco_do_jogo_responsavel,40
no_interno,17.90-cliente_informa_nao_ter_recebido_convite_do_compulsafe,40
no_interno,5.27.1-ausencia_de_cobertura_por_indisponibilidade_da_ramp,40
no_interno,17.85_explicando_ao_cliente_que_o_reembolso_esta_indisponivel_mesmo_sendo_caso_de_ludopatia,39
no_interno,3.4-lembrete_deposito_pix_apenas_titular,38
no_interno,5.75-apuracao_de_motivo_de_anulacao_de_aposta_pela_ramp,38
no_interno,6.6_cashout_contestação_4,37
no_interno,16.13-confirmacao_de_que_rodadas_gratis_ja_foram_utilizadas_pelo_cliente,37
no_interno,12.17-desbloqueio_indisponivel_por_prazo_de_bloqueio_ainda_em_andamento,37
no_interno,8.11-envio_de_resumo_financeiro_da_carteira_do_cliente_e_consulta_de_totais_de_depositos_saques_e_apostas,37
no_interno,8.3-garantia_de_segurança_e_protecao_de_dados_conforme_lgpd,36
no_interno,3.3-orientacao_finalizacao_deposito_pix_no_banco,36
no_interno,2.17-alteracao_dados_exigido_validacao_por_email,35
no_interno,10.55-sistema_interno_em_manutencao_com_saudacao_personalizada_do_atendente,35
no_interno,10.45-confirmacao_de_ausencia_de_instabilidades_ativas_na_plataforma,35
no_interno,4.18-saque_bloqueado_por_ausencia_de_verificacao_de_identidade_kyc,35
no_interno,17.61-revisao_ebac_em_andamento_cliente_aguardando_retorno_analise_jogo_responsavel,35
no_interno,10.49-coleta_de_video_de_tela_para_analise_tecnica_de_anomalia_na_plataforma,35
no_interno,17.67.1-documentacao_aprovada_para_prosseguimento_da_reativacao_da_conta,35
no_interno,5.8.1-cliente_ansioso_devido_aposta_pendente_durante_um_longo_periodo,34
no_interno,4.29-instrucoes_para_excluir_conta_bancaria_cadastrada_na_plataforma,34
no_interno,3.23-deposito_pendente_conta_bancaria_exige_confirmacao,33
no_interno,2.21-solicitacao_print_link_para_orientacao_redefinicao_senha_,33
no_interno,17.29-irregularidade_no_cpf_junto_a_receita_federal_impedindo_validacao,33
no_interno,11.9-bloqueio_de_conta_por_7_dias_por_comportamento_abusivo_ou_discurso_de_odio,32
no_interno,9.14-cartoes_invalidos_no_total_de_cartoes_banco_tecnicos_e_pos_apito,31
no_interno,17.70-analise_de_desbloqueio_impossivel_sem_comprovante_de_autoexclusao_gov,31
no_interno,17.1-explicacao_do_funcionamento_do_limite_de_aposta_por_periodo,30
no_interno,14.4-confirmacao_de_liberacao_de_conta_apos_validacao_de_ex_menor,30
no_interno,8.2-redirecionamento_de_cliente_interessado_em_trabalhar_conosco,30
no_interno,17.18-validacao_de_identidade_ainda_nao_recebida_impedindo_atualizacao,30
no_interno,17.74-pausa_de_42_dias_nao_pode_ser_desfeita_mas_pode_ser_reduzida_para_24h,30
no_interno,18.7-encerramento_de_atendimento_apos_feedback_sobre_mudanca_de_layout,30
no_interno,17.94-cliente_em_etapa_de_formulario_3cs_ou_demografia_na_jornada_com_ebac,30
no_interno,17.58-manutencao_do_bloqueio_apos_reavaliacao_com_a_ebac,29
no_interno,17.11-instrucoes_para_ativar_pausa_programada_na_ferramenta_de_protecao,29
no_interno,20.5-reativacao_gradual_de_contas_bloqueadas_por_vinculo_a_beneficio_social,29
no_interno,10.47-botao_continuar_indisponivel_no_kyc_com_instrucoes_de_resolucao,29
no_interno,5.22-indisponibilidade_temporaria_de_mercado-devido_suspensao_por_atualizacao_de_odds,29
no_interno,17.50-autenticacao_exigida_pela_lei_14790_como_base_legal_obrigatoria,29
no_interno,9.1-explicacao_do_mercado_multiresultados_com_selecao_de_varios_placares,29
no_interno,12.2_-_bloqueio_como_fazer_1,28
no_interno,2.22-orientacao_copia_manual_link_redefinicao_senha,28
no_interno,4.8-saque_bloqueado_por_irregularidade_no_cpf_junto_a_receita_federal,28
no_interno,2.5.1-dificuldade_de_cadastro_devido_a_cep_generico_terminado_em_000,28
no_interno,12.3_-_bloqueio_como_fazer_2,27
no_interno,13.1-cliente_confirmando_interesse_em_se_tornar_afiliado_da_plataforma,27
no_interno,12.4_-_bloqueio_como_fazer_3,27
no_interno,4.22-deposito_deve_ser_feito_pela_conta_bancaria_cadastrada_na_plataforma,27
no_interno,5.17-partida_nao_disponivel_para_aposta_por_indisponibilidade_do_provedor,27
no_interno,10.6-cashout_indisponivel_por_instabilidade_momentanea_na_plataforma,27
no_interno,5.28-mercado_nao_disponivel_para_aposta_por_indisponibilidade_do_provedor,25
no_interno,3.9-saldo_restrito_cortesia_nao_utilizada_em_apostas,25
no_interno,17.12-pausa_inicia_imediatamente_apos_ativacao_e_dura_ate_fim_do_prazo,25
no_interno,20.6-reativacao_de_conta_por_decisao_judicial_normalizando_acesso_de_beneficiari,25
no_interno,17.86_cliente_pede_desbloqueio_mas_tem_autoexclusao_centralizada_temporária_por_ludopatia,25
no_interno,16.19-caixa_de_premio_bnp_indisponivel_por_prazo_de_expiracao,25
no_interno,3.20-estorno_nao_concluido_falha_bancaria_em_processamento,25
no_interno,5.64-orientacao_para_localizar_freebets_ou_bonus_na_conta,23
no_interno,8.35-solicitacao_de_informe_de_rendimentos_com_conta_encerrada_ou_autoexcluida,23
no_interno,8.22-instrucoes_para_acesso_e_download_do_informe_de_rendimentos_2025_em_diante,23
no_interno,17.26-reconhecimento_da_decisao_de_exclusao_com_reforco_do_procedimento_correto,23
no_interno,17.78-analise_de_desbloqueio_condicionada_a_comprovante_de_fim_da_autoexclusao,23
no_interno,16.24-solicitacao_de_bonificacao_sem_elegibilidade_na_campanha,23
no_interno,5.39.1-garantia_de_integridade_dos_resultados_esportivos_pelo_provedor_ramp,23
no_interno,7.4-contestacao_e_explicacao_de_perda_por_saque_apos_decolagem_aviator,22
no_interno,12.34-verificacao_interna_das_informacoes_do_bloqueio_antes_do_desbloqueio,22
no_interno,8.21-encerramento_de_atendimento_com_divulgacao_do_app_na_play_store,22
no_interno,6.12_cashout_valor_divergente_2,22
no_interno,10.19-selfie_reprovada_no_kyc_por_iluminacao_insuficiente_ou_inadequada,22
no_interno,17.14-confirmacao_de_atualizacao_bem_sucedida_de_dados_cadastrais,22
no_interno,8.18-inicio_de_validacao_de_identidade_antes_de_compartilhar_dados_de_cadastro,22
no_interno,20.00-rodadas_grátis–suspensão_temporária_,21
no_interno,8.36-envio_do_informe_de_rendimentos_em_pdf_protegido_por_senha_no_chat,21
no_interno,7.10-explicacao_de_aleatoriedade_em_jogos_aviator_e_mines,21
no_interno,17.3-explicacao_do_funcionamento_do_periodo_de_pausa_no_jogo_responsavel,21
no_interno,8.24-redirecionamento_para_ouvidoria_oficial_para_reclamacoes_e_sugestoes,21
no_interno,10.61_explicando_ao_cliente_que_esta_ocorrendo_instabilidade_nas_apostas_esportivas_no_ao_vivo,21
no_interno,8.19.1-orientacao_para_atualizacao_do_app_ios_na_app_store,21
no_interno,5.30-limites_de_mercado_definidos_pelo_provedor_de_cotacoes_sem_possibilidade_de_alterar_limite_maximo_de_aposta,21
no_interno,9.5-introducao_ao_handicap_asiatico_e_como_atribuir_vantagem_a_um_time,21
no_interno,10.1-troubleshooting_avancado_apos_falha_da_guia_anonima_e_limpeza_de_cache,21
no_interno,17.79-limites_sugeridos_automaticamente_com_base_no_perfil_de_uso_da_conta,20
no_interno,3.22-deposito_pix_localizado_pendente_confirmacao_conta_cliente,20
no_interno,15.1-cliente_aguardando_credito_de_bonus_por_verificacao_de_identidade,19
no_interno,17.69-confirmacao_de_recebimento_do_comprovante_de_autoexclusao_centralizada,19
no_interno,5.73-orientacao_sobre_compartilhamento_de_bilhete_apos_confirmacao_da_aposta,19
no_interno,12.5_-_bloqueio_como_fazer_4,19
no_interno,17.63-autoexclusao_definitiva_com_inaptidao_confirmada_pela_ebac,19
no_interno,8.5-orientacao_e_direcionamento_para_canal_oficial_de_marketing_no_instagram,18
no_interno,1.41_betnacional_blog_dicas,18
no_interno,5.17.1-ausencia_de_partida_na_cobertura_esportiva_da_ramp,18
no_interno,1.14_2_chats,17
no_interno,2.29-confirmacao_acesso_autenticacao_via_link_email,17
no_interno,17.88-contestacao_de_bloqueio_por_ludopatia_com_orientacao_para_fluxo_ebac,17
no_interno,10.12.1-comunicacao_de_indisponibilidade_parcial_no_aplicativo_iphone,17
no_interno,17.69-desbloqueio_aprovado_apos_autoexclusao_centralizada,17
no_interno,8.42_explicacao_sobre_atualizacao_nos_mercados_esportes_e_funcionalidades,17
no_interno,9.2-explicacao_das_opcoes_outra_vitoria_local_e_outra_vitoria_visitante,17
no_interno,10.26-dados_validados_corretamente_mas_sistema_ainda_nao_refletiu_aprovacao,17
no_interno,10.4-saque_com_atraso_de_processamento_por_instabilidade_no_sistema_bancario,16
no_interno,17.91-cliente_de_risco_alto_precisa_aceitar_convite_do_compulsafe_para_seguir_na_jornada,16
no_interno,5.31-anulacao_de_aposta_por_formato_irregular_em_amigaveis_ou_juniores,16
no_interno,17.40-laudo_medico_recebido_com_suspensao_da_conta_e_encaminhamento_para_ebac,15
no_interno,17.87_cliente_pede_desbloqueio_mas_tem_autoexclusao_centralizada_indeterminada_por_ludopatia,15
no_interno,10.12-app_indisponivel_por_atualizacao_com_redirecionamento_para_o_site,15
no_interno,20.2-devolucao_automatica_de_saldo_em_72h_uteis_para_conta_bancaria_cadastrada,15
no_interno,5.52-explicacao_de_como_as_cotacoes_sao_calculadas_em_apostas,15
no_interno,17.93-cliente_aceitou_o_convite_da_ebac_e_iniciou_jornada_com_o_compulsafe,15
no_interno,14.0-conta_bloqueada_por_identificacao_de_titular_menor_de_idade,14
no_interno,8.13-suspeita_de_manipulacao_ou_inconsistencia_em_imagem_enviada_pelo_cliente,14
no_interno,17.97-contestacao_de_liberacao_com_cliente_ainda_em_etapas_da_jornada,14
no_interno,17.77-tempo_de_sessao_contabilizado_mesmo_com_plataforma_em_segundo_plano,14
no_interno,3.18-deposito_pix_qrcode_invalido_reutilizado_ou_vencido_estorno,14
no_interno,5.29.1-limite_do_mercado_ultrapassa_retorno_permitido_devido_moderacao_automatica_de_limites_ramp,14
no_interno,9.13-explicacao_do_mercado_total_de_cartoes_amarelo_1_e_vermelho_2_pontos,13
no_interno,8.12-direcionamento_para_fornecimento_de_dados_financeiros_da_conta_pos_verificacao_por_sms,13
no_interno,9.28-explicacao_do_mercado_combinado_resultado_final_e_ambos_os_times_marcam,13
no_interno,2.8-envio_link_onboarding_validacao_identidade,13
no_interno,10.48-documento_reprovado_no_kyc_por_nao_estar_centralizado_na_captura,13
no_interno,15.13_free_to_play_roleta_prêmio_não_creditado,13
no_interno,9.17.1-esclarecimento_sobre_validacao_de_escanteios_pela_ramp,13
no_interno,16.8-instrucoes_para_resgatar_rodadas_gratis_no_jogo_aztec_betnacional,12
no_interno,8.23-instrucao_sobre_senha_do_pdf_do_informe_de_rendimentos_2025,12
no_interno,9.15-explicacao_do_mercado_total_de_gols_e_suas_opcoes_de_aposta,12
no_interno,8.32-esclarecimento_sobre_inexistencia_de_ganho_garantido_no_cassino,12
no_interno,4.25-deposito_nao_concluido_por_divergencia_nos_dados_bancarios_cadastrados,12
no_interno,5.32-explicacao_sobre_formatos_de_tempo_em_jogos_amigaveis_e_juniores,12
no_interno,6.7_cashout_contestação_5,12
no_interno,17.68-reativacao_indisponivel_ate_o_fim_do_periodo_de_autoexclusao,12
no_interno,5.30.1-super_odds_com_limite_de_aposta_diferente_do_valor_divulgado_na_promocao,12
no_interno,17.92-cliente_recebeu_mas_negou_o_convite_do_compulsafe,12
no_interno,16.15-orientacao_sobre_banner_de_apostas_combinadas_em_paginas_de_esportes,12
no_interno,5.8.2-aposta_esportiva_pendente_por_atualizacao_automatica_da_ramp,12
no_interno,9.27-definicao_de_assistencia_e_criterios_de_validade_no_mercado_de_apostas,12
no_interno,1.43_mensagem_de_boas_vindas_após_cadastro_realizado,11
no_interno,8.30-cliente_relatando_mudancas_visuais_ou_alteracoes_no_layout_do_site,11
no_interno,17.0-explicacao_do_funcionamento_do_limite_de_deposito_por_periodo,11
no_interno,17.10-explicacao_dos_periodos_de_tempo_diario_semanal_e_mensal_nos_limites,11
no_interno,9.11-explicacao_da_pontuacao_de_cartoes_amarelo_10_e_vermelho_25_pontos,11
no_interno,15.19-punto_banco_não_elegível_para_indique_e_ganhe,11
no_interno,16.25-bonificacao_nao_concedida_por_falta_de_ativacao_da_promocao,11
no_interno,16.20-explicacao_sobre_apostas_nao_elegiveis_para_pontos_bnp,11
no_interno,8.21.1-encerramento_de_atendimento_com_divulgacao_do_app_na_appstore,11
no_interno,9.16-explicacao_do_mercado_intervalo_final_com_dois_palpites_combinados,11
no_interno,5.41-orientacao_sobre_como_acessar_opcao_criar_aposta_em_partidas_esportivas,11
no_interno,15.24-sms_falso_prometendo_bonus_com_link_para_site_externo,11
no_interno,16.10-rodadas_gratis_indisponiveis_por_encerramento_da_promocao,10
no_interno,5.23-suspensao_por_atualizacao_de_odds_e_mercados_em_apostas_ao_vivo,10
no_interno,8.8.1-orientacao_para_download_do_aplicativo_ios_na_app_store,10
no_interno,6.23-explicacao_da_funcionalidade_cashout_no_blackjack,10
no_interno,16.25.1-ativacao_de_promocao_por_meio_da_opcao_participar_ou_ativar_promocao,10
no_interno,10.40-fila_kyc_betnacional,10
no_interno,9.17-escanteio_valido_apenas_quando_cobrado_nao_quando_indicado_pelo_arbitro,10
no_interno,10.8-sistema_interno_em_manutencao_impedindo_atendimento_da_demanda,10
no_interno,17.9-passo_a_passo_para_ativar_limites_na_ferramenta_de_protecao,10
no_interno,5.18.1-indisponibilidade_de_mercado_esportivo_fornecido_pela_ramp,10
no_interno,8.20-solicitacao_de_informe_de_rendimentos_de_anos_anteriores_a_2025,9
no_interno,12.22-desbloqueio_solicitado_por_cliente_com_pedido_de_exclusao_lgpd_anterior,9
no_interno,9.2-como_funcionam_as_opcoes_de_qualquer_outro_placar,9
no_interno,10.16-kyc_obrigatorio_para_utilizacao_de_bonus_com_orientacoes_por_etapa,9
no_interno,5.29.2-limitacao_individual_de_aposta_aplicada_pela_ramp,9
no_interno,13.3-confirmacao_da_autenticidade_de_comunicacao_do_programa_usuarios_parceiros,8
no_interno,4.19-explicacao_sobre_diferenca_de_exigencia_de_verificacao_em_saque_e_deposito,8
no_interno,9.3-explicacao_do_mercado_multigols_e_intervalo_de_gols_para_vitoria,8
no_interno,10.10-cliente_insatisfeito_durante_periodo_de_instabilidade_na_plataforma,8
no_interno,10.32-endereco_nao_confirmado_corretamente_impedindo_conclusao_do_kyc,8
no_interno,5.72_cassino_jogo_indisponivel_por_manutencao_ou_instabilidade_do_provedor,8
no_interno,9.12-cartoes_invalidos_para_aposta_banco_tecnicos_substituidos_e_pos_apito,8
no_interno,10.50-confirmacao_de_recebimento_dos_dados_de_debug_pela_equipe_tecnica,8
no_interno,7.6-erro_de_tempo_esgotado_gerado_devido_problema_de_conexao_aviator_e_mines,8
no_interno,17.27-falha_no_processo_de_autoexclusao_com_redirecionamento_para_email,7
no_interno,17.7-localizacao_da_ferramenta_de_protecao_no_perfil_minha_conta,7
no_interno,9.20-explicacao_do_mercado_dupla_hipotese_com_dois_resultados_possiveis,7
no_interno,7.0-explicacao_inicial_de_como_apostar_no_jogo_aviator_com_orientacao_sobre_valor_minimo,7
no_interno,17.95-cliente_em_etapa_de_matricula_na_jornada_com_ebac,7
no_interno,10.52-configuracao_incorreta_de_data_e_hora_causando_falha_no_kyc,7
no_interno,8.7-partida_em_analise_por_suspeita_de_irregularidade_esportiva,7
no_interno,15.3-rodadas_gratis_por_verificacao_de_identidade_indisponiveis_por_nao_elegibilidade_do_cliente,7
no_interno,10.13-apostas_demorando_para_atualizar_por_instabilidade_na_plataforma,7
no_interno,8.27_-_confirmação_acesso_-_app,7
no_interno,13.0-explicacao_do_programa_de_afiliados_e_modelo_de_remuneracao_por_indicacao,6
no_interno,17.4-explicacao_do_funcionamento_do_limite_de_quantidade_de_apostas,6
no_interno,4.15-esclarecimento_de_que_senha_de_saque_e_a_mesma_do_login,6
no_interno,7.9-orientacao_para_coleta_de_informacoes_para_analise_de_aposta_mines,6
no_interno,5.69-explicacao_sobre_funcionamento_da_campanha_freebet_no_jogo_aviator,6
no_interno,17.69.1-acesso_liberado_apos_autoexclusao_centralizada_com_apoio_da_compulsafe,6
no_interno,10.30-cliente_nao_aceitou_os_termos_e_condicoes_do_kyc_betnacional,6
no_interno,20.8-reativacao_de_conta_por_beneficio_social_exige_verificacao_de_identidade,6
no_interno,4.14-banco_do_cliente_nao_autorizado_por_nao_atender_requisitos_de_kyc,6
no_interno,2.12-prazo_conclusao_validacao_identidade_e_alteracao_dados,6
no_interno,17.87-autoexclusao_centralizada_por_prazo_indeterminado_com_desbloqueio_negado,6
no_interno,5.30.1-limites_de_mercado_definidos_pelo_provedor_de_cotacoes_sem_possibilidade_de_alterar_limite_maximo_de_aposta_ramp,6
no_interno,17.17-telefone_invalido_informado_pelo_cliente_com_solicitacao_de_novo_numero,6
no_interno,15.21_resgate_de_incentivo_bloqueio_por_navegador_ou_extensão,5
no_interno,17.71_-_explicação_sobre_e-mail_e_obrigatoriedade_limites_jogo_responsavel,5
no_interno,10.7-instabilidade_geral_no_site_afetando_alguns_usuarios,5
no_interno,5.33_-_amigáveis_2,5
no_interno,4.20-direito_da_plataforma_de_exigir_documentos_antes_de_liberar_saque,5
no_interno,17.6-inicio_da_apresentacao_das_ferramentas_de_autobloqueio_e_protecao,5
no_interno,11.12-solicitacao_em_analise_interna_com_dependencia_de_outros_times,5
no_interno,15.4.1-bonificacao_expirada_por_nao_resgate_dentro_do_prazo_da_campanha,5
no_interno,8.40_explicando_ao_cliente_os_valores_presentes_no_informe_de_rendimentos_e_orientando_procurar_um_contador,4
no_interno,7.11_explicando_o_motivo_da_indisponibilidade_do_aviator_devido_a_manutencao_programada,4
no_interno,10.60-orientacao_para_desativar_versao_desktop_no_chrome_mobile,4
no_interno,12.36-conta_bloqueada_por_identificacao_de_titular_falecido,4
no_interno,10.10_-_manutenção,4
no_interno,10.42-explicacao_sobre_necessidade_do_kyc_por_novas_regulamentacoes_de_2025,4
no_interno,9.23-explicacao_do_mercado_empate_anula_aposta_e_suas_regras,4
no_interno,8.25_kyc_modelo_de_selfie,4
no_interno,5.36-anulacao_de_aposta_por_cartao_com_mercado_disponibilizado_indevidamente,3
no_interno,17.8-apresentacao_das_opcoes_de_limite_e_pausa_disponiveis_na_ferramenta,3
no_interno,5.59-explicacao_de_como_funcionam_apostas_ou_eventos_de_longo_prazo,3
no_interno,7.1-orientacao_de_funcionamento_do_multiplicador_de_saque_no_jogo_aviator,3
no_interno,5.70-contestacao_de_valor_creditado_apos_uso_de_freebet_no_aviator,3
no_interno,10.33-erro_de_kyc_por_divergencia_de_nome_com_redirecionamento_para_email,3
no_interno,14.2-opcoes_para_conta_bloqueada_de_menor_aguardar_maioridade_ou_trocar_email,3
no_interno,16.12-explicacao_das_regras_da_promocao_prize_drop_fabrica_de_premios,3
no_interno,5.55-orientacao_para_utilizacao_do_saldo_real_no_cassino,3
no_interno,9.6-explicacao_do_handicap_asiatico_com_selecao_0_e_desvantagem_de_1_5,3
no_interno,9.29-explicacao_do_mercado_de_placar_exato_em_futsal_e_zeragem_do_placar,3
no_interno,5.68_experimento_tech_16012026,2
no_interno,5.35-anulacao_de_aposta_por_var_devido_disponibilidade_incorreta_de_linhas_no_momento_de_revisao,2
no_interno,14.1-bloqueio_preventivo_por_suspeita_de_menor_de_idade_no_cadastro,2
no_interno,5.61-anulacao_ou_cancelamento_de_apostas_por_falta_de_validacao_kyc_portaria_spa,2
no_interno,18.2-registro_de_atendimento_de_voz_para_a_demanda_de_aviso_regulatório,2
no_interno,5.66-atendimento_sobre_dificuldade_com_nova_caderneta_de_apostas,2
no_interno,17.45-recomendacao_de_usar_chrome_ou_app_oficial_para_autenticacao_segura,2
no_interno,17.60-conta_desbloqueada_apos_resultado_positivo_da_analise_ebac,2
no_interno,5.49-indisponibilidade_da_aba_esports_devido_manutencao,2
no_interno,7.3-explicacao_sobre_funcionamento_de_autojogo_e_autosaque_no_aviator,2
no_interno,10.20-validacao_de_kyc_reprovada_por_foto_desfocada_ou_sem_nitidez,2
no_interno,17.65-cliente_apto_pela_ebac_mas_impossibilitado_por_autoexclusao_definitiva,2
no_interno,5.51-definicao_e_configuracao_do_valor_de_limite_para_jogo_responsavel,2
no_interno,8.41-explicacao_de_pesquisa_sobre_mudancas_na_interface_e_experiencia_do_usuario,2
no_interno,17.75-aviso_de_revisao_de_limites_por_atualizacao_regulatoria_em_momento_de_fila,2
no_interno,17.59-restricoes_aplicadas_apos_contato_voluntario_do_cliente_com_ebac,2
no_interno,17.64-cliente_apto_pela_ebac_mas_aguardando_fim_da_exclusao_temporaria,2
no_interno,4.28-dificuldade_em_visualizar_contas_bancarias_com_instrucao_de_refresh,2
no_interno,2.30-atualizacao_anual_confirmar_ou_alterar_dados,2
no_interno,19.0_comunicado_de_atualizacao_payments_ledger,1
no_interno,16.9-informacao_sobre_validade_e_horario_de_encerramento_das_rodadas_gratis,1
no_interno,8.4-contato_com_assessoria_de_imprensa_para_informacoes_institucionais_e_midias,1
no_interno,10.21-selfie_reprovada_no_kyc_por_olhos_fechados_durante_a_captura,1
no_interno,12.37-redirecionamento_para_compliance_em_contestacao_de_bloqueio_por_falecimento,1
no_interno,4.21-dificuldade_em_sacar_por_possivel_divergencia_nos_dados_bancarios,1
no_interno,5.67-anulacao_de_aposta_por_wo_,1
no_interno,7.7-orientacao_sobre_funcionamento_do_jogo_mines,1
no_interno,8.38-alinhamento_de_expectativa_sobre_prazo_de_analise_do_informe_de_rendimentos,1
no_interno,8.39-informe_de_rendimentos_indisponivel_na_plataforma_com_envio_por_email,1
no_interno,8.9-explicacao_sobre_validacao_de_conta_e_procedimentos_de_seguranca_para_verificacao_de_identidade,1
no_interno,9.8-introducao_ao_handicap_europeu_e_atribuicao_de_vantagem_entre_times,1
bot_transferencia,bot_transferencia-duvidademercadoesportivo,13006
bot_transferencia,bot_transferencia-trocouemail_ou_naorecebelink,3392
bot_transferencia,bot_transferencia-duvidademercadocassino,1247
bot_transferencia,bot_transferencia-link_redefinicao_expirado,913
tag_mestre,ticket_resolvido,278674
tag_mestre,advanced_ia,275213
tag_mestre,resolvido_ia,158139
tag_mestre,conversa_inativa,138269
auto_classificacao,sentiment__neutral,33074
auto_classificacao,language__pt,29992
auto_classificacao,intent__gambling__bet_info__how_to_place_a_bet,6990
auto_classificacao,intent__misc__received__greeting,6381
auto_classificacao,language__es,5021
auto_classificacao,sentiment__negative,4911
auto_classificacao,intent__account__new__creating,4732
auto_classificacao,intent__gambling__offers__new_offer_request,2609
auto_classificacao,intent__account__recovery__recover,2361
auto_classificacao,intent__software__login_issues__password_request_reset,1833
auto_classificacao,language__ca,1622
auto_classificacao,intent__finance__withdrawal__cant_withdraw,1521
auto_classificacao,intent__gambling__bet_settlement_issue__bet_not_settled,1039
auto_classificacao,intent__account__new__signup_issue,903
auto_classificacao,intent__gambling__bet_payout_issue__no_payout,795
auto_classificacao,intent__finance__top_up__cant_top_up,780
auto_classificacao,intent__account__data_restrictions__delete_account,680
auto_classificacao,intent__gambling__bet_placement_issue__cant_place_bet,648
auto_classificacao,language__en,645
auto_classificacao,sentiment__very_negative,566
auto_classificacao,language__tr,522
auto_classificacao,intent__software__login_issues__cant_login,495
auto_classificacao,intent__misc__feedback__negative,481
auto_classificacao,intent__misc__contact__transfer_to_agent,446
auto_classificacao,intent__finance__transaction_new__place,423
auto_classificacao,intent__finance__transaction_status__funds_not_received,333
auto_classificacao,intent__software__content_play__cant_play,309
auto_classificacao,intent__gambling__offers__didnt_get_free_bet,284
auto_classificacao,intent__account__recovery__request_unblock,267
auto_classificacao,intent__billing__discount__cant_apply_promo_code_discount_or_gift_card,265
auto_classificacao,language__fr,251
auto_classificacao,intent__gambling__offers__didnt_get_free_spins,226
auto_classificacao,intent__account__documentation__sending_docs,216
auto_classificacao,intent__account__update__phone,196
auto_classificacao,intent__misc__thanks__thanks,175
auto_classificacao,intent__misc__feedback__positive,171
auto_classificacao,intent__billing__refund__request,169
auto_classificacao,intent__gambling__offers__unable_to_claim_offer,163
auto_classificacao,intent__software__login_issues__password_forgot,158
auto_classificacao,intent__misc__previous_message__check,148
auto_classificacao,intent__finance__transaction_info__processing_time,147
auto_classificacao,intent__billing__balance__wrong_account_balance,144
auto_classificacao,language__it,138
auto_classificacao,intent__account__recovery__reactivate,137
auto_classificacao,intent__billing__tokens__didnt_get_my_tokens,130
auto_classificacao,sentiment__positive,125
auto_classificacao,language__de,125
auto_classificacao,intent__software__crash__website_crashing,106
auto_classificacao,language__gl,102
auto_classificacao,intent__gambling__responsible_gambling__self_exclusion_request,101
auto_classificacao,intent__account__update__id_document,98
auto_classificacao,intent__billing__balance__info_amount,95
auto_classificacao,intent__finance__cheque__issuing_cheque,94
auto_classificacao,intent__finance__credit_info__payout_figure,83
auto_classificacao,intent__gambling__offers__eligibility,80
auto_classificacao,intent__misc__feedback__complaint,74
auto_classificacao,intent__software__info__how_to_use,74
auto_classificacao,intent__misc__video__product_issue,70
auto_classificacao,intent__account__update__email,68
auto_classificacao,intent__software__issue_generic__error,63
auto_classificacao,intent__account__invitation__request_new_invitation_link,59
auto_classificacao,intent__billing__discount__didnt_get_gift_card_or_credit,59
auto_classificacao,intent__order__product_issue__not_working_as_expected,58
auto_classificacao,intent__software__login_issues__id_forgot,57
auto_classificacao,intent__software__login_issues__password_cant_reset,56
auto_classificacao,intent__order__status__cant_find_order,50
auto_classificacao,intent__misc__feedback__customer_satisfaction_survey,49
auto_classificacao,intent__misc__received__shareable_file_link,46
auto_classificacao,intent__software__open__cant_open,44
auto_classificacao,intent__order__not_delivered__late,39
auto_classificacao,intent__software__data__cant_upload,36
auto_classificacao,intent__software__login_issues__password_change,33
auto_classificacao,language__ru,33
auto_classificacao,sentiment__very_positive,32
auto_classificacao,intent__misc__job_application__new,32
auto_classificacao,intent__billing__subscription_cancel__request,32
auto_classificacao,intent__billing__checkout__payment_not_recognized,28
auto_classificacao,intent__misc__query_status__resolved,26
auto_classificacao,intent__order__wrong_product__wrong_item,26
auto_classificacao,language__ceb,24
auto_classificacao,intent__tickets__ticket_issue__barcode_already_used,23
auto_classificacao,language__nl,21
auto_classificacao,intent__tickets__ticket_issue__cant_have_access_to_the_ticket,19
auto_classificacao,intent__misc__received__new_voicemail,16
auto_classificacao,intent__software__login_issues__password_not_accepted,15
auto_classificacao,intent__account__update__login,14
auto_classificacao,intent__workplace__access__deactivate_security_id_card,14
auto_classificacao,intent__tickets__ticket_issue__invalid,14
auto_classificacao,intent__order__update__ship_address,14
auto_classificacao,language__vi,14
auto_classificacao,language__ro,14
auto_classificacao,intent__misc__received__goodbye,12
auto_classificacao,language__fi,12
auto_classificacao,intent__order__update__request_to_send_again,10
auto_classificacao,language__sv,10
auto_classificacao,language__eo,10
auto_classificacao,intent__software__autofill__credentials_fill,9
auto_classificacao,language__la,8
auto_classificacao,intent__misc__feedback__apology,7
auto_classificacao,language__pl,7
auto_classificacao,intent__order__status__what_is_status,7
auto_classificacao,language__eu,6
auto_classificacao,language__ja,6
auto_classificacao,language__no,6
auto_classificacao,language__cs,6
auto_classificacao,intent__tickets__ticket_update__change_name,6
auto_classificacao,intent__account__info__merge_different_accounts,6
auto_classificacao,language__ia,5
auto_classificacao,language__uz,5
auto_classificacao,language__gu,4
auto_classificacao,language__ga,4
auto_classificacao,language__war,4
auto_classificacao,language__so,4
auto_classificacao,language__io,4
auto_classificacao,language__br,4
auto_classificacao,language__bs,4
auto_classificacao,language__wa,4
auto_classificacao,language__sh,4
auto_classificacao,language__hu,4
auto_classificacao,language__lt,3
auto_classificacao,language__ast,3
auto_classificacao,intent__software__activation__license_expired,3
auto_classificacao,intent__billing__subscription_update__request_renewal,3
auto_classificacao,language__da,3
auto_classificacao,language__id,3
auto_classificacao,intent__software__notifications__event_monitoring_alert,3
auto_classificacao,language__ko,2
auto_classificacao,language__nn,2
auto_classificacao,language__zh,2
auto_classificacao,language__el,2
auto_classificacao,intent__order__return__want_exchange,2
auto_classificacao,language__jbo,2
auto_classificacao,language__bg,2
auto_classificacao,language__sk,2
auto_classificacao,intent__order__return__want_return,2
auto_classificacao,language__fa,2
auto_classificacao,language__ne,1
auto_classificacao,language__bn,1
auto_classificacao,language__af,1
auto_classificacao,language__hy,1
auto_classificacao,language__sq,1
auto_classificacao,language__tl,1
auto_classificacao,language__sr,1
auto_classificacao,language__ta,1
auto_classificacao,language__hsb,1
auto_classificacao,language__fy,1
auto_classificacao,language__lmo,1
auto_classificacao,language__te,1
auto_classificacao,language__is,1
auto_classificacao,language__kw,1
auto_classificacao,language__qu,1
auto_classificacao,language__mg,1
outra,logado,49144
outra,sentiment_confidence__high,35375
outra,dúvida_de_aposta_clonar,34325
outra,language_confidence__high,28451
outra,aposta_-_mercados_esportivos,16447
outra,bot-depósito,16323
outra,depósito_clonar,16254
outra,intent_confidence__low,15075
outra,bot-duvidadeaposta,14244
outra,bot-saque,13320
outra,saque_clonar,13114
outra,intent_confidence__medium,12701
outra,bot-atualizaçãodeaposta,11295
outra,bot-acesso,11092
outra,intent_confidence__high,10913
outra,instabilidade_-_bacen/pix,9700
outra,acesso_clonar,8862
outra,language_confidence__low,7522
outra,bot_nao-aparece-bota-confirmar-conta-bancaria,7295
outra,bot-não_lembra_email_cadastrado-transferência,6848
outra,bot-apostapendente,6493
outra,bot_confirmou-mas-saldo-nao-atualizou,6084
outra,promoções_-_outras_campanhas,6070
outra,jogo_responsável_-_autoexclusão,6055
outra,kyc_-_dúvidas/instruções/reprovações,5786
outra,validação_de_documentos,5523
outra,ticket_bom,5114
outra,acesso_-_alteração_de_dados,4760
outra,bot-cadastro,4709
outra,bot-esqueciasenha,4295
outra,bot-kyc-confirmar-dados,4276
outra,bot-cadastro-comocadastrar-transferencia,4255
outra,ticket_l1,3876
outra,ticket_atribuido_agentel1,3401
outra,cashout_clonar,3303
outra,sentiment_confidence__medium,3230
outra,aposta_-_mercados_cassino,3103
outra,bot-comoapostar,3040
outra,language_confidence__medium,2719
outra,ticket_ruim,2676
outra,bot-kyc-selfie,2615
outra,validação_de_selfie,2570
outra,depósito_-_pendente,2487
outra,saque_-_executando,2434
outra,instabilidade_-_zro,2373
outra,promoções_-_freebet,2303
outra,benefícios_sociais_-_usuário_restrito,2237
outra,transf_automatica,2163
outra,transf_auto_pendente,2105
outra,depósito_-_dúvidas,2074
outra,promoções_-_solicitação_de_bônus,2072
outra,bot-kyc-sms,2070
outra,validação_de_sms,2018
outra,kyc_-_erro_código_sms,2000
outra,bot-erronocashout,1920
outra,conta_-_saldo/carteira,1871
outra,bot_beneficios_sociais,1861
outra,aposta_-_cashout,1855
outra,promoções_-_rodadas_grátis,1839
outra,aposta_-_pendente__esportiva_,1814
outra,erro_da_câmera,1809
outra,teleperformance,1745
outra,aposta_-_outra_demanda,1739
outra,saque_-_conta_cadastrada_incorretamente,1601
outra,aposta_-_motivo_não_identificado/offline,1579
outra,promoções_-_indique_e_ganhe,1574
outra,acesso_-_senha,1500
outra,bot-kyc-escolha-do-documento,1496
outra,bot-kyc-anexo,1447
outra,bot-cashoutindisponível,1416
outra,email_resposta,1342
outra,saque_-_mfa__autenticação_facial_,1331
outra,email,1272
outra,omnichannel_email,1265
outra,time_solucoes_email_suporte_ticketcriado,1264
outra,saque_-_comprovante,1260
outra,saque_-_dúvidas,1260
outra,cadastro_-_não_lembra_que_possui_conta,1169
outra,bot_deposito-de-conta-de-terceiro,1156
outra,diversos_-_motivo_não_identificado/offline,1105
outra,aposta_-_anulada/cancelada,1100
outra,benefício_social_-_novo_desenrola_brasil,1081
outra,promoções_-_free-to-play,1073
outra,kyc_-_erro_código_e-mail,1035
outra,bot-partidainterrompida,1027
outra,bot_comodepositar_contanaoconfirmada,956
outra,jogo_responsável_-_autoexclusão_via_gov,918
outra,depósito_-_erros_bancários__btg_,907
outra,depósito_-_outra_demanda,900
outra,acesso_-_outra_demanda,894
outra,depósito_-_motivo_não_identificado/offline,891
outra,aposta_-_códigos_de_erro,890
outra,suportebetnacional.bet.br,847
outra,conta_-_compliance/risco,835
outra,bot-kyc-email,826
outra,jogo_responsável_-_desbloqueio,822
outra,validação_de_e-mail,799
outra,aposta_-_revisão_do_ticket,747
outra,diversos_-_feedback/crítica_do_cliente,722
outra,saque_-_outra_demanda,718
outra,diversos_-_outra_demanda/sem_categoria,704
outra,acesso_-_motivo_não_identificado/offline,702
outra,kyc_-_política_svc_incompleta,660
outra,kyc_-_não_iniciado,648
outra,cadastro_-_estorno_ftd,635
outra,jogo_responsável_-_bloqueio_compulsivo/ebac,628
outra,caixa_misteriosa_-_não_contemplado,595
outra,cadastro_-_dúvidas,591
outra,promoções_-_outra_demanda,542
outra,saque_-_motivo_não_identificado/offline,529
outra,bot-jr-limites-obrigatorios-dificuldades,510
outra,aposta_-_histórico_de_apostas,505
outra,aposta_-_rollback,486
outra,caixa_misteriosa_-_contemplado,486
outra,saque_-_bloqueado,485
outra,bot-comoconfirmarcontabancaria-contanaoconfirmada,464
outra,aposta_-_interrompida/abandonada/cancelada,444
outra,saque_-_pendente,443
outra,acesso_-_senha_e_usuário,431
outra,bot_benefícios_sociais_prazo_sacar,414
outra,bot-kyc-camera,398
outra,conta_-_alteração_de_dados,392
outra,jogo_responsável_-_limite_de_perdas,379
outra,promoções_-_fidelidade_bnp,375
outra,conta_-_fraude,375
outra,jogo_responsável_-_exclusão_compulsivo/ebac,371
outra,bot_benefícios_sociais_perda_benefício_e_apostas,366
outra,aposta_-_mercado_indisponível,354
outra,bot_benefícios_sociais_cancelamento_benefício,350
outra,promoções_-_motivo_não_identificado/offline,346
outra,transf_auto_concluida,342
outra,bot_benefícios_sociais_conta_encerrada,320
outra,bot-kyc-botao-continuar,313
outra,botão_continuar_indisponível,313
outra,saque_-_erros_bancários__cliente_,305
outra,bot_benefícios_sociais_terceiros,293
outra,bot-atendimentohumano,292
outra,depósito_-_terceiros/cnpj,288
outra,instabilidade_-_site,283
outra,instabilidade_-_cassino,282
outra,depósito_-_erros_bancários__zro_,279
outra,aplicativo_-_outra_demanda,274
outra,jogo_responsável_-_análise_desbloqueio/ebac,267
outra,jogo_responsável_-_limite_obrigatório,265
outra,kyc_-_outra_demanda,246
outra,bot-comoconfirmarcontabancaria-contaconfirmada,234
outra,instabilidade_-_bancos__cliente_,231
outra,acesso_-_mfa__sms_,229
outra,cliente_questiona_imagem_da_campanha_achando_que_se_trata_de_bonificação,226
outra,cadastro_-_motivo_não_identificado/offline,218
outra,instabilidade_-_apostas_esportivas,216
outra,cadastro_-_outra_demanda,213
outra,kyc_-_motivo_não_identificado/offline,197
outra,bot-comodepositar-contaconfirmada-ajuda,189
outra,acesso_-_mfa__autenticação_facial_,184
outra,bot_benefícios_sociais_outro_benefício,179
outra,kyc_-_erro_habilitar_câmera,173
outra,acesso_-_mfa__e-mail_,170
outra,jogo_responsável_-_limite_de_tempo_de_sessão,157
outra,staging,154
outra,jogo_responsável_-_limite_de_apostas,139
outra,aposta_-_criar_aposta_multi,130
outra,conta_-_outra_demanda,129
outra,botirpf-divergencias-nas-informações,124
outra,cadastro_-_mfa__autenticação_facial_,121
outra,depósito_-_erros_bancários__cliente_,120
outra,aposta_-_pendente__cassino_,118
outra,conta_-_motivo_não_identificado/offline,107
outra,promoções_esclarecimento_sobre_ausência_de_cashback_e_vantagens_atuais,98
outra,jogo_responsável_-_desbloqueio/ebac,88
outra,conta_-_possível_bloqueio_cautelar,88
outra,homol,83
outra,sentiment_confidence__low,81
outra,diversos_-_cliente_ofensivo,80
outra,suporte_email_resolvido_por_inatividade,80
outra,benefícios_sociais_-_reativação_de_conta,79
outra,acesso_-_usuário,73
outra,jogo_responsável_-_período_de_pausa,72
outra,15_17_prêmio_prazo,65
outra,ticket_ouvidoria,64
outra,time_solucoes_ouvidoria_ticketcriado,64
outra,apostador,63
outra,depósito_-_erro_qr_code,61
outra,aposta_-_ambos_os_times_marcam_,61
outra,depósito_-_conta_cadastrada_incorretamente,58
outra,identificado_ouvidor,58
outra,jogo_responsável_-_motivo_não_identificado/offline,56
outra,conta_-_informe_de_rendimentos,56
outra,aposta_-_limitação_de_mercado,55
outra,bot_comoconfirmarcontabancaria_contanaoconfirmada,54
outra,instabilidade_-_kyc,54
outra,aposta_-_mfa__autenticação_facial_,51
outra,instabilidade_-_cadastro,50
outra,reclamação,46
outra,aplicativo_-_como_baixar,44
outra,time_soluções_-_encaminhamento_jurídico,44
outra,saque_-_devolução,44
outra,accepted_suggested_first_reply,42
outra,bot_comoconfirmarcontabancaria_contaconfirmada,41
outra,promoções,41
outra,diversos_-_comercial/parcerias,40
outra,instabilidade_-_aplicativo_android,40
outra,jogo_responsável_-_outra_demanda,39
outra,botirpf-cliente-com-conta-bloqueada,38
outra,promoções_-_afiliados,35
outra,tutorial_período_de_pausa,34
outra,aplicativo_-_motivo_não_identificado/offline,33
outra,aposta_-_sem_cobertura,32
outra,time_soluções_-_encaminhamento_mkt,31
outra,botirpf-ajuda-com-prazos-e-período,30
outra,jogo_responsável_-_menor_de_idade,29
outra,botirpf-ajuda-com-a-senha,29
outra,saque_-_erros_bancários__zro_,28
outra,sim__pelo_chat_ao_vivo,27
outra,cadastro_-_dados_já_utilizados,25
outra,tickets_teste,25
outra,jogo_responsável_-_limite_de_depósito,22
outra,promoções_–_bota_essa_paixão,21
outra,jogo_responsável_-_limite_de_quantidade_de_apostas,19
outra,bot-esquecisenha_nãolembraemailcadastrado,18
outra,conta_-_mfa_-_alteração_de_dados,18
outra,saque_-_terceiros/cnpj,17
outra,jogo_responsável_-_sondagem_preventiva,17
outra,botirpf-ajuda-com-o-que-consta-no-doc,16
outra,benefícios_sociais_-_renegociação_fies,15
outra,saque_-_erros_bancários__btg_,15
outra,depósito_-_confirmação_de_conta,14
outra,apostas_esportivas_,14
outra,aplicativo_-_atualização_android,14
outra,customerid:11859054,14
outra,outro_clonar,13
outra,kyc_-_validação_anual_de_dados,13
outra,bot-bonusepromoções-ajuda-com-roleta-diaria,12
outra,cadastro_clonar,11
outra,bot-bonusepromoções-como_resgatar_incentivo,11
outra,123_betnacional_rodadas_grátis_fixo,11
outra,customerid:1183682,11
outra,customerid:12778820,11
outra,aplicativo_-_atualização,10
outra,instabilidade_-_cashout,10
outra,benefícios_sociais_-_contestação,10
outra,customerid:13885215,10
outra,instabilidade_-_admin,10
outra,cassino_clonar,9
outra,customerid:12047876,9
outra,incidente-baú-de-bônus,9
outra,customerid:732674,9
outra,denúncia,8
outra,aplicativo_-_atualização_ios,8
outra,solicitação,8
outra,depósito_-_mfa__autenticação_facial_,8
outra,instabilidade_-_btg,8
outra,jogo_responsável,7
outra,benefícios_sociais_-_dúvidas_sobre_restituição_de_saldo,7
outra,customerid:13471192,7
outra,instabilidade_na_atualizacao_de_apostas,7
outra,desbloqueio_clonar,6
outra,saldo_clonar,6
outra,bot-bonusepromoções-torneios,6
outra,promoções_instruções_para_verificar_e_aplicar_aposta_grátis_na_campanha_bota_essa_paixão_pra_jogo,6
outra,exclusão_benefícios_sociais,5
outra,bloqueio_de_conta_bot,5
outra,incentivo_resgate_afetado_por_navegador_ou_extensão,5
outra,bot-bonusepromoções-fidelidade-ajuda-com-níveiserecompensas,5
outra,apostas_esportivas,5
outra,customerid:404,5
outra,customerid:14558359,5
outra,customerid:8411707,5
outra,customerid:873536,5
outra,sim__pelo_email_,5
outra,customerid:14338523,5
outra,customerid:12956755,5
outra,botlimitesobrigatorios-limitedeperda,4
outra,remove_pesquisa_satisfacao,4
outra,instabilidade_-_aplicativo_ios,4
outra,agent_copilot_enabled,4
outra,duvida_de_aposta,4
outra,reclamacao_outros,4
outra,bloqueio/exclusão_de_conta,4
outra,customerid:14312456,4
outra,anônimo_ouvidor,4
outra,saques_e_depósitos_,4
outra,customerid:2948126,4
outra,informe_de_rendimentos,3
outra,bot-bonusepromoções-ajuda-fidelidade-ondeacompanhar,3
outra,customerid:5481474,3
outra,customerid:12805656,3
outra,customerid:1467321,3
outra,customerid:12239812,3
outra,jogo_responsável_-_aviso_regulatório,3
outra,customerid:12282178,3
outra,transferencia_procedure,3
outra,customerid:11665939,3
outra,customerid:12754683,3
outra,limite_de_apostas,2
outra,bot-bonusepromoções-super_odds,2
outra,customerid:548083,2
outra,customerid:12484649,2
outra,customerid:14518056,2
outra,solicitacao_saques_e_depósitos,2
outra,customerid:15815,2
outra,atendimento_nos_canais_,2
outra,customerid:10089845,2
outra,customerid:11349544,2
outra,customerid:12747025,2
outra,customerid:1714579,2
outra,customerid:571858,2
outra,customerid:6984228,2
outra,customerid:7771773,2
outra,customerid:9117461,2
outra,ouvidoria_não_resolveram_meu_problema,2
outra,bot_depositonaocreditado_titular_contaconfirmada,2
outra,customerid:10069540,2
outra,customerid:12057371,2
outra,customerid:184694,2
outra,customerid:2576561,2
outra,customerid:3447460,2
outra,customerid:367,2
outra,customerid:6266698,2
outra,customerid:6520379,2
outra,customerid:8666251,2
outra,customerid:9695479,2
outra,customerid:4400096,2
outra,customerid:75,2
outra,sim__por_ligação,2
outra,solicitacao_saldo,2
outra,transação_não_foi_creditada,2
outra,sim__pelo_reclame_aqui,2
outra,customerid:11890238,2
outra,customerid:13980402,2
outra,customerid:2288099,2
outra,customerid:9108796,2
outra,customerid:1808587,2
outra,customerid:4335806,2
outra,customerid:74503,2
outra,customerid:13144335,2
outra,customerid:14429979,2
outra,customerid:6780381,2
outra,customerid:9295344,2
outra,bot_comodepositar_contaconfirmada_ajuda,1
outra,bot_cadastro_codigopromocional,1
outra,bot_cadastro_comocadastrar_transferencia,1
outra,bot_cadastro,1
outra,botlimitesobrigatorios-limitedesessão,1
outra,botlimitesobrigatorios-ondedefinirlimites,1
outra,bot-bonusepromoções-ajuda-fidelidade-comoganharpontos,1
outra,bot-bonusepromoções-ajuda-fidelidade-como-participar,1
outra,customerid:14601548,1
outra,customerid:13550216,1
outra,customerid:8294584,1
outra,conta_-_lgpd,1
outra,customerid:311,1
outra,limite_de_depósitos,1
outra,customerid:59330,1
outra,customerid:200422,1
outra,customerid:7026425,1
outra,customerid:359,1
outra,customerid:198354,1
outra,customerid:264,1
outra,customerid:7192800,1
outra,customerid:7794679,1
outra,sugestao_outros,1
outra,sugestão,1
outra,customerid:200429,1
outra,customerid:200428,1
outra,customerid:200430,1
outra,customerid:200421,1
outra,customerid:151261,1
outra,customerid:13331418,1
outra,customerid:13607167,1
outra,customerid:1638390,1
outra,customerid:198574,1
outra,customerid:200248,1
outra,customerid:200272,1
outra,customerid:200275,1
outra,customerid:200404,1
outra,customerid:200407,1
outra,customerid:200414,1
outra,customerid:385838,1
outra,customerid:427,1
outra,customerid:4590767,1
outra,customerid:504,1
outra,customerid:552,1
outra,customerid:553,1
outra,customerid:554,1
outra,customerid:555,1
outra,customerid:556,1
outra,customerid:7400311,1
outra,customerid:8874069,1
outra,customerid:889439,1
outra,customerid:96,1
outra,customerid:200427,1
outra,customerid:348,1
outra,customerid:200433,1
outra,customerid:12055897,1
outra,customerid:200202,1
outra,customerid:200277,1
outra,customerid:5209898,1
outra,customerid:5742070,1
outra,customerid:7210570,1
outra,customerid:4705067,1
outra,customerid:13330002,1
outra,customerid:158,1
outra,customerid:200210,1
outra,customerid:200251,1
outra,customerid:200351,1
outra,customerid:294778,1
outra,customerid:406,1
outra,customerid:5391719,1
outra,customerid:8810537,1
outra,customerid:9844209,1
outra,customerid:6932909,1
outra,customerid:10019104,1
outra,customerid:102,1
outra,customerid:11267195,1
outra,customerid:12244051,1
outra,customerid:130,1
outra,customerid:13926111,1
outra,customerid:14820913,1
outra,customerid:16,1
outra,customerid:181,1
outra,customerid:198665,1
outra,customerid:198697,1
outra,customerid:200,1
outra,customerid:200213,1
outra,customerid:200215,1
outra,customerid:200221,1
outra,customerid:200224,1
outra,customerid:200252,1
outra,customerid:200261,1
outra,customerid:200262,1
outra,customerid:200269,1
outra,customerid:200274,1
outra,customerid:200281,1
outra,customerid:200332,1
outra,customerid:200342,1
outra,customerid:200349,1
outra,customerid:354,1
outra,customerid:366,1
outra,customerid:395,1
outra,customerid:448,1
outra,customerid:461,1
outra,customerid:520,1
outra,customerid:543,1
outra,customerid:6313730,1
outra,customerid:6946482,1
outra,customerid:9320960,1
outra,customerid:200383,1
outra,customerid:4597625,1
outra,customerid:8852020,1
outra,customerid:261967,1
outra,customerid:14113198,1
outra,customerid:10211649,1
outra,customerid:105,1
outra,customerid:12523412,1
outra,customerid:13453829,1
outra,customerid:13516300,1
outra,customerid:1511119,1
outra,customerid:198470,1
outra,customerid:198685,1
outra,customerid:200223,1
outra,customerid:200225,1
outra,customerid:200247,1
outra,customerid:200249,1
outra,customerid:200250,1
outra,customerid:200254,1
outra,customerid:200259,1
outra,customerid:200273,1
outra,customerid:200278,1
outra,customerid:200370,1
outra,customerid:200378,1
outra,customerid:266,1
outra,customerid:3061,1
outra,customerid:3066,1
outra,customerid:3085,1
outra,customerid:4039526,1
outra,customerid:409,1
outra,customerid:4468377,1
outra,customerid:509,1
outra,customerid:518,1
outra,customerid:519,1
outra,customerid:5343378,1
outra,customerid:541396,1
outra,customerid:558,1
outra,customerid:5856670,1
outra,customerid:661146,1
outra,customerid:9014058,1
outra,sentryreplayid:2f509ee2da154bc2b57dd083af1fb024,1
outra,solicitacao_outros,1
outra,customerid:7975421,1
outra,customerid:8613178,1
outra,customerid:9210664,1
outra,customerid:8448786,1
outra,.,1
outra,321_semana_do_cliente_bonusgeral180925,1
outra,bloqueio_de_conta,1
outra,bônus_e_promoções,1
outra,customerid:10032572,1
outra,customerid:10035418,1
outra,customerid:10057836,1
outra,customerid:10119042,1
outra,customerid:106,1
outra,customerid:11245002,1
outra,customerid:1143814,1
outra,customerid:11442439,1
outra,customerid:11792407,1
outra,customerid:11799585,1
outra,customerid:11889878,1
outra,customerid:11906521,1
outra,customerid:11918231,1
outra,customerid:11990379,1
outra,customerid:120717,1
outra,customerid:12128957,1
outra,customerid:12592851,1
outra,customerid:12604184,1
outra,customerid:12971854,1
outra,customerid:13120649,1
outra,customerid:13122819,1
outra,customerid:1314265,1
outra,customerid:131722,1
outra,customerid:13274611,1
outra,customerid:13323734,1
outra,customerid:13395348,1
outra,customerid:134,1
outra,customerid:13419961,1
outra,customerid:13476353,1
outra,customerid:13811902,1
outra,customerid:13839667,1
outra,customerid:13982422,1
outra,customerid:14038954,1
outra,customerid:14074809,1
outra,customerid:14117259,1
outra,customerid:14381180,1
outra,customerid:144,1
outra,customerid:14416103,1
outra,customerid:14449209,1
outra,customerid:14451633,1
outra,customerid:14455673,1
outra,customerid:14534673,1
outra,customerid:14540396,1
outra,customerid:14547512,1
outra,customerid:14560832,1
outra,customerid:14561025,1
outra,customerid:14564138,1
outra,customerid:14585582,1
outra,customerid:14814708,1
outra,customerid:14817254,1
outra,customerid:1496775,1
outra,customerid:156325,1
outra,customerid:17,1
outra,customerid:172500,1
outra,customerid:173,1
outra,customerid:194,1
outra,customerid:197,1
outra,customerid:1971999,1
outra,customerid:198355,1
outra,customerid:198362,1
outra,customerid:198477,1
outra,customerid:198490,1
outra,customerid:198656,1
outra,customerid:198657,1
outra,customerid:198658,1
outra,customerid:198659,1
outra,customerid:198710,1
outra,customerid:200054,1
outra,customerid:200055,1
outra,customerid:200109,1
outra,customerid:200188,1
outra,customerid:200214,1
outra,customerid:200216,1
outra,customerid:200218,1
outra,customerid:200222,1
outra,customerid:200242,1
outra,customerid:200243,1
outra,customerid:200245,1
outra,customerid:200246,1
outra,customerid:200253,1
outra,customerid:200255,1
outra,customerid:200256,1
outra,customerid:200257,1
outra,customerid:200260,1
outra,customerid:200263,1
outra,customerid:200264,1
outra,customerid:200265,1
outra,customerid:200266,1
outra,customerid:200268,1
outra,customerid:200270,1
outra,customerid:200271,1
outra,customerid:200276,1
outra,customerid:200280,1
outra,customerid:200288,1
outra,customerid:200295,1
outra,customerid:200299,1
outra,customerid:200314,1
outra,customerid:200319,1
outra,customerid:200329,1
outra,customerid:200331,1
outra,customerid:200333,1
outra,customerid:200337,1
outra,customerid:200339,1
outra,customerid:200341,1
outra,customerid:200345,1
outra,customerid:200347,1
outra,customerid:200350,1
outra,customerid:200364,1
outra,customerid:200366,1
outra,customerid:200371,1
outra,customerid:200373,1
outra,customerid:200375,1
outra,customerid:200377,1
outra,customerid:200379,1
outra,customerid:200382,1
outra,customerid:200384,1
outra,customerid:200386,1
outra,customerid:200387,1
outra,customerid:200388,1
outra,customerid:200389,1
outra,customerid:200390,1
outra,customerid:200391,1
outra,customerid:200392,1
outra,customerid:200393,1
outra,customerid:200394,1
outra,customerid:200397,1
outra,customerid:200398,1
outra,customerid:200399,1
outra,customerid:200400,1
outra,customerid:200401,1
outra,customerid:200402,1
outra,customerid:200403,1
outra,customerid:200408,1
outra,customerid:200409,1
outra,customerid:200410,1
outra,customerid:200411,1
outra,customerid:200413,1
outra,customerid:200415,1
outra,customerid:2261434,1
outra,customerid:228,1
outra,customerid:2296844,1
outra,customerid:2531047,1
outra,customerid:2569714,1
outra,customerid:263960,1
outra,customerid:2770252,1
outra,customerid:2974695,1
outra,customerid:3064,1
outra,customerid:3065,1
outra,customerid:3067,1
outra,customerid:3068,1
outra,customerid:3070,1
outra,customerid:3072,1
outra,customerid:3073,1
outra,customerid:3076,1
outra,customerid:3077,1
outra,customerid:308,1
outra,customerid:3081,1
outra,customerid:3082,1
outra,customerid:3083,1
outra,customerid:3084,1
outra,customerid:3088,1
outra,customerid:3089,1
outra,customerid:3090,1
outra,customerid:312,1
outra,customerid:3200489,1
outra,customerid:322,1
outra,customerid:326,1
outra,customerid:3278697,1
outra,customerid:335,1
outra,customerid:339,1
outra,customerid:34,1
outra,customerid:342,1
outra,customerid:3421322,1
outra,customerid:350751,1
outra,customerid:3616217,1
outra,customerid:376,1
outra,customerid:390,1
outra,customerid:405,1
outra,customerid:4094439,1
outra,customerid:424,1
outra,customerid:4260200,1
outra,customerid:428,1
outra,customerid:430,1
outra,customerid:446,1
outra,customerid:450,1
outra,customerid:4633481,1
outra,customerid:4698449,1
outra,customerid:472,1
outra,customerid:4780053,1
outra,customerid:501161,1
outra,customerid:505,1
outra,customerid:506,1
outra,customerid:507,1
outra,customerid:507637,1
outra,customerid:508,1
outra,customerid:521,1
outra,customerid:522,1
outra,customerid:523,1
outra,customerid:526,1
outra,customerid:527,1
outra,customerid:528,1
outra,customerid:529,1
outra,customerid:532,1
outra,customerid:538,1
outra,customerid:539,1
outra,customerid:540,1
outra,customerid:541,1
outra,customerid:542,1
outra,customerid:544,1
outra,customerid:545,1
outra,customerid:5452164,1
outra,customerid:546,1
outra,customerid:548,1
outra,customerid:5485350,1
outra,customerid:551,1
outra,customerid:557,1
outra,customerid:559,1
outra,customerid:560,1
outra,customerid:561,1
outra,customerid:5715367,1
outra,customerid:5910285,1
outra,customerid:6172802,1
outra,customerid:619543,1
outra,customerid:6286547,1
outra,customerid:641425,1
outra,customerid:668210,1
outra,customerid:6799494,1
outra,customerid:7051460,1
outra,customerid:7285994,1
outra,customerid:781180,1
outra,customerid:7979174,1
outra,customerid:8093632,1
outra,customerid:8119966,1
outra,customerid:8138062,1
outra,customerid:822561,1
outra,customerid:8283587,1
outra,customerid:8359055,1
outra,customerid:8396737,1
outra,customerid:8402484,1
outra,customerid:8424080,1
outra,customerid:8580361,1
outra,customerid:8668654,1
outra,customerid:8851336,1
outra,customerid:9005137,1
outra,customerid:9087136,1
outra,customerid:91,1
outra,customerid:9127974,1
outra,customerid:9177729,1
outra,customerid:9255913,1
outra,customerid:9297414,1
outra,customerid:9470935,1
outra,customerid:9520773,1
outra,customerid:976487,1
outra,customerid:9803576,1
outra,customerid:9854685,1
outra,não_consigo_concluir_a_transação_,1
outra,outros__,1
outra,recebi_uma_notificação_mas_não_foi_creditado,1
outra,saque_bloqueado,1
outra,solicitacao_apostas_esportivas,1
outra,solicitacao_bônus_e_promoções,1
outra,time_soluções_-_spam,1
outra,transações_comprovante_depósito,1
outra,validação_de_identidade_,1
outra,customerid:200436,1
outra,customerid:200437,1
outra,customerid:567,1
outra,customerid:200426,1
